Last_Update,Confirmed,Deaths,Recovered,Active
2020-03-23 23:19:21,749,8,13.0,728.0
2020-03-24 23:37:15,901,10,1.0,890.0
2020-03-25 23:33:04,1051,14,7.0,1030.0
2020-03-26 23:48:18,1221,16,7.0,1198.0
2020-03-27 23:23:03,1389,16,7.0,1366.0
2020-03-28 23:05:00,1638,18,7.0,1613.0
2020-03-29 23:08:00,1862,22,7.0,1833.0
2020-03-30 22:52:00,2055,31,7.0,2017.0
2020-03-31 23:43:43,2311,33,7.0,2271.0
2020-04-01 21:58:34,2554,43,47.0,2464.0
2020-04-02 23:25:00,2946,57,56.0,2833.0
2020-04-03 22:46:20,3383,71,56.0,3256.0
2020-04-04 23:34:00,3627,79,116.0,3432.0
2020-04-05 23:06:26,4102,94,134.0,3874.0
2020-04-06 23:21:00,4413,107,162.0,4144.0
2020-04-07 23:04:29,4848,129,191.0,4528.0
2020-04-08 22:51:39,5205,159,222.0,4824.0
2020-04-09 23:02:19,5575,174,284.0,5117.0
2020-04-10 22:53:48,5955,181,318.0,5456.0
2020-04-11 22:45:13,6356,208,375.0,5773.0
2020-04-12 23:17:00,6674,232,439.0,6003.0
2020-04-13 23:07:34,6934,245,487.0,6202.0
2020-04-14 23:33:12,7202,263,618.0,6321.0
2020-04-15 22:56:32,7582,286,668.0,6628.0
2020-04-16 23:30:31,7918,314,774.0,6830.0
2020-04-17 23:30:32,8379,332,866.0,7181.0
2020-04-18 22:32:28,8742,347,981.0,7414.0
2020-04-19 23:40:41,9287,360,1040.0,7887.0
2020-04-20 23:36:27,9593,380,1133.0,8080.0
2020-04-21 23:30:30,9856,401,1297.0,8158.0
2020-04-22 23:30:32,10169,426,1513.0,8230.0
2020-04-23 23:30:32,10169,426,1513.0,8230.0
2020-04-24 03:30:31,10511,454,1740.0,8317.0
2020-04-25 06:30:33,10892,494,1944.0,8454.0
2020-04-26 02:30:31,11273,524,2126.0,8623.0
2020-04-27 02:30:33,11617,535,2265.0,8817.0
2020-04-28 02:30:32,11902,562,2466.0,8874.0
2020-04-29 02:32:29,12218,596,2655.0,8967.0
2020-04-30 02:32:27,12640,624,3025.0,8991.0
2020-05-01 02:32:28,12877,644,3236.0,8997.0
2020-05-02 02:32:27,13105,651,3491.0,8963.0
2020-05-03 02:32:28,13375,664,3762.0,8949.0
2020-05-04 02:32:28,13693,678,3945.0,9070.0
2020-05-05 02:32:34,14006,698,4095.0,9213.0
2020-05-06 02:32:31,14431,716,4280.0,9435.0
2020-05-07 02:32:28,14740,733,4655.0,9352.0
2020-05-08 02:32:32,15047,755,4862.0,9430.0
2020-05-09 02:32:35,15366,776,5184.0,9406.0
2020-05-10 02:32:30,15651,785,5437.0,9429.0
2020-05-11 02:32:30,15996,800,5698.0,9498.0
2020-05-12 03:32:27,16326,811,5816.0,9699.0
2020-05-13 03:32:26,16921,839,6131.0,9951.0
2020-05-14 03:32:28,17204,861,6410.0,9933.0
2020-05-15 02:33:02,17615,883,6696.0,10036.0
2020-05-16 02:32:19,18016,907,6918.0,10191.0
2020-05-17 02:32:32,18257,915,7175.0,10167.0
2020-05-18 02:32:21,18529,925,7451.0,10153.0
2020-05-19 02:32:18,18885,936,7628.0,10321.0
2020-05-20 02:32:19,19268,948,7903.0,10417.0
2020-05-21 02:32:48,19739,962,8183.0,10594.0
2020-05-22 02:36:51,20143,972,8452.0,10719.0
2020-05-23 02:32:42,20619,982,8731.0,10906.0
2020-05-24 02:32:43,20931,993,8977.0,10961.0
2020-05-25 02:32:44,21326,996,9194.0,11136.0
2020-05-26 02:32:35,21631,1007,9276.0,11348.0
2020-05-27 02:32:31,22074,1024,10020.0,11030.0
2020-05-28 02:32:31,22473,1028,10330.0,11115.0
2020-05-29 02:32:50,22825,1038,10560.0,11227.0
2020-05-30 02:32:48,23155,1051,10692.0,11412.0
2020-05-31 02:32:45,23571,1061,11016.0,11494.0
2020-06-01 02:32:46,23786,1064,11271.0,11451.0
2020-06-02 02:33:08,24165,1074,11449.0,11642.0
2020-06-03 02:33:13,24395,1092,11726.0,11577.0
2020-06-04 02:33:14,24687,1115,12014.0,11558.0
2020-06-05 02:33:06,25048,1117,12227.0,11704.0
2020-06-06 02:33:00,25410,1137,12410.0,11863.0
2020-06-07 03:53:30,25986,1153,12641.0,12192.0
2020-06-08 03:33:22,26561,1157,12855.0,12549.0
2020-06-09 03:33:03,27160,1166,12998.0,12996.0
2020-06-10 04:07:00,27560,1183,13196.0,13181.0
2020-06-11 03:33:41,27842,1206,13411.0,13225.0
2020-06-12 05:09:52,28201,1215,13696.0,13290.0
2020-06-13 03:33:14,28577,1222,13805.0,13550.0
2020-06-14 03:33:15,29017,1237,14104.0,13676.0
2020-06-15 03:33:14,29392,1247,14226.0,13919.0
2020-06-16 04:33:09,29788,1256,14383.0,14149.0
2020-06-17 04:33:21,30195,1272,14654.0,14269.0
2020-06-18 04:33:18,30701,1286,14921.0,14494.0
2020-06-19 04:33:17,31015,1316,15317.0,14382.0
2020-06-20 04:33:19,31316,1334,15698.0,14284.0
2020-06-21 04:33:19,31620,1346,16181.0,14093.0
2020-06-22 04:33:20,31931,1356,16683.0,13892.0
2020-06-23 04:33:22,32227,1359,17076.0,13792.0
2020-06-24 04:33:28,32527,1375,17573.0,13579.0
2020-06-25 05:26:54,32821,1396,18134.0,13291.0
2020-06-26 04:33:43,33119,1412,18654.0,13053.0
2020-06-27 04:33:35,33395,1429,19218.0,12748.0
2020-06-28 04:34:04,33714,1435,19972.0,12307.0
2020-06-29 04:33:44,33907,1438,20548.0,11921.0
2020-06-30 04:33:48,34154,1444,20897.0,11813.0
2020-07-01 04:33:52,34393,1463,21281.0,11649.0
2020-07-02 04:33:46,34775,1477,21791.0,11507.0
2020-07-03 04:33:54,35146,1492,22209.0,11445.0
2020-07-04 04:33:51,35405,1507,22651.0,11247.0
2020-07-05 04:33:46,35719,1512,23127.0,11080.0
2020-07-06 04:33:57,35950,1517,23746.0,10687.0
2020-07-07 04:34:00,36155,1521,23966.0,10668.0
2020-07-08 05:33:48,36412,1528,24238.0,10646.0
2020-07-09 04:34:23,36689,1542,24878.0,10269.0
2020-07-10 04:34:24,36951,1551,25477.0,9923.0
2020-07-11 04:34:26,37216,1562,26048.0,9606.0
2020-07-12 04:34:30,37521,1568,26635.0,9318.0
2020-07-13 04:43:04,37891,1571,27148.0,9172.0
2020-07-14 04:34:46,38190,1576,27515.0,9099.0
2020-07-15 04:34:39,38457,1588,27756.0,9113.0
2020-07-16 04:44:59,38721,1594,28492.0,8635.0
2020-07-17 04:34:50,39054,1605,28928.0,8521.0
2020-07-18 04:34:45,39407,1612,29505.0,8290.0
2020-07-19 04:34:58,39746,1618,29924.0,8204.0
2020-07-20 05:34:40,40104,1624,30292.0,8188.0
2020-07-21 04:38:46,40383,1627,30539.0,8217.0
2020-07-22 04:34:42,40782,1636,30771.0,8375.0
2020-07-23 05:15:04,41162,1642,31139.0,8381.0
2020-07-24 05:30:40,41580,1651,31541.0,8388.0
2020-07-25 04:47:39,42038,1655,31997.0,8386.0
2020-07-26 04:35:00,42622,1664,32419.0,8539.0
2020-07-27 04:35:02,43065,1671,32753.0,8641.0
2020-07-28 04:58:43,43402,1676,32856.0,8870.0
2020-07-29 04:35:11,43904,1682,33043.0,9179.0
2020-07-30 04:35:05,44416,1694,33190.0,9532.0
2020-07-31 04:35:18,45031,1709,33643.0,9679.0
2020-08-01 04:36:27,45688,1716,33987.0,9985.0
2020-08-02 04:34:47,46346,1721,34374.0,10251.0
2020-08-03 04:34:35,46894,1731,34709.0,10454.0
2020-08-04 04:41:59,47469,1732,34881.0,10856.0
2020-08-05 04:34:43,48149,1738,35056.0,11355.0
2020-08-06 04:35:02,48789,1756,35321.0,11712.0
2020-08-07 04:35:11,49515,1774,35642.0,12099.0
2020-08-08 04:34:53,50324,1787,36041.0,12496.0
2020-08-09 04:34:54,51167,1800,36403.0,12964.0
2020-08-10 04:34:55,51791,1807,36691.0,13293.0
2020-08-11 04:35:08,52410,1809,36877.0,13724.0
2020-08-12 04:27:29,52961,1821,37150.0,13990.0
2020-08-13 04:29:15,53676,1830,37611.0,14235.0
2020-08-14 04:51:19,54487,1844,37961.0,14682.0
2020-08-15 04:27:31,55319,1858,38362.0,15099.0
2020-08-16 04:27:42,56090,1869,38853.0,15368.0
2020-08-17 04:27:20,56684,1877,39130.0,15677.0
2020-08-18 04:27:56,57279,1885,39359.0,16035.0
2020-08-19 04:27:00,57876,1896,39643.0,16337.0
2020-08-20 04:27:43,58611,1913,40099.0,16599.0
2020-08-21 04:27:41,59378,1925,40481.0,16972.0
2020-08-22 04:27:49,60281,1938,41029.0,17314.0
2020-08-23 04:27:48,61181,1951,41661.0,17569.0
2020-08-24 04:27:56,61762,1955,42183.0,17624.0
2020-08-25 04:28:02,62310,1960,42448.0,17902.0
2020-08-26 04:28:11,63073,1977,42784.0,18312.0
2020-08-27 04:28:15,63802,1994,43399.0,18409.0
2020-08-28 04:28:11,64689,2010,44097.0,18582.0
2020-08-29 04:28:19,65480,2018,44785.0,18677.0
2020-08-30 04:28:22,66239,2032,45536.0,18671.0
2020-08-31 04:28:27,66870,2033,46192.0,18645.0
2020-09-01 04:28:31,67372,2039,46638.0,18695.0
2020-09-02 04:28:25,67922,2058,47030.0,18834.0
2020-09-03 04:28:22,68517,2078,47865.0,18574.0
2020-09-04 04:28:26,69129,2092,48593.0,18444.0
2020-09-05 04:28:19,69820,2100,49820.0,17900.0
2020-09-06 04:28:33,70387,2113,52346.0,15928.0
2020-09-07 04:28:30,70824,2120,54256.0,14448.0
2020-09-08 04:28:25,71126,2124,55113.0,13889.0
2020-09-09 04:28:48,71526,2136,55910.0,13480.0
2020-09-10 04:29:01,71947,2147,57135.0,12665.0
2020-09-11 04:46:23,72453,2159,58069.0,12225.0
2020-09-12 04:25:05,73047,2169,58848.0,12030.0
2020-09-13 04:30:52,73650,2182,59725.0,11743.0
2020-09-14 04:26:00,74152,2188,60659.0,11305.0
2020-09-15 03:22:50,74529,2203,61097.0,11229.0
2020-09-16 04:22:53,75134,2227,61548.0,11359.0
2020-09-17 04:22:00,75734,2237,62110.0,11387.0
2020-09-18 05:05:00,76571,2253,62725.0,11593.0
2020-09-19 04:22:00,77328,2270,63312.0,11746.0
2020-09-20 04:22:00,78330,2282,63861.0,12187.0
2020-09-21 04:23:00,79240,2293,64302.0,12645.0
2020-09-22 04:23:00,79988,2298,64604.0,13086.0
2020-09-23 04:23:00,80699,2316,64972.0,13411.0
2020-09-24 04:23:00,81673,2344,65561.0,13768.0
2020-09-25 04:23:00,82809,2369,66158.0,14282.0
2020-09-26 04:23:00,84396,2392,66740.0,15264.0
2020-09-27 04:23:00,85980,2424,67326.0,16230.0
2020-09-28 04:23:00,87330,2432,67904.0,16994.0
2020-09-29 04:23:42,88636,2447,68420.0,17769.0
2020-09-30 04:23:33,89962,2483,68955.0,18524.0
2020-10-01 04:23:42,91514,2513,69695.0,19306.0
2020-10-02 04:23:51,93481,2543,70401.0,20537.0
2020-10-03 04:23:40,95773,2570,71353.0,21850.0
2020-10-04 04:23:44,98140,2604,72209.0,23327.0
2020-10-05 04:23:33,100074,2630,73003.0,24441.0
2020-10-06 04:23:33,102080,2659,73552.0,25869.0
2020-10-07 04:23:40,104316,2717,74158.0,27441.0
2020-10-08 04:23:56,107319,2792,75346.0,29181.0
2020-10-09 04:23:59,111599,2867,76490.0,32242.0
2020-10-10 04:23:57,116338,2919,77875.0,35544.0
2020-10-11 04:23:46,121638,2972,78982.0,39684.0
2020-10-12 04:23:45,125816,3004,80302.0,42510.0
2020-10-13 04:24:02,130210,3039,81201.0,45970.0
2020-10-14 04:24:05,135278,3101,82004.0,50173.0
2020-10-15 04:24:28,141804,3217,83847.0,54740.0
2020-10-16 04:24:01,149903,3308,85588.0,61007.0
2020-10-17 04:24:12,157608,3440,87773.0,66395.0
2020-10-18 04:24:25,167230,3524,90162.0,73544.0
2020-10-19 04:24:16,175766,3573,92651.0,79542.0
2020-10-20 04:24:22,183248,3614,94014.0,85620.0
2020-10-21 04:24:14,192539,3721,95956.0,92862.0
2020-10-22 04:24:27,202579,3851,98884.0,99844.0
2020-10-23 04:24:46,214686,4019,102204.0,108463.0
2020-10-24 04:24:46,228318,4172,105092.0,119054.0
2020-10-25 04:24:36,241946,4351,109344.0,128251.0
2020-10-26 04:25:02,253688,4438,112619.0,136631.0
2020-10-27 04:24:45,263929,4483,115302.0,144144.0
2020-10-28 04:24:39,280229,4615,119237.0,156377.0
2020-10-29 04:24:49,299049,4849,123504.0,170696.0
2020-10-30 04:24:49,319205,5149,129267.0,184789.0
2020-10-31 04:24:44,340834,5351,134724.0,200759.0
2020-11-01 04:36:19,362731,5631,140280.0,216820.0
2020-11-02 05:25:04,379902,5783,146595.0,227524.0
2020-11-03 06:00:16,395480,5875,154413.0,235192.0
2020-11-04 05:25:09,414844,6102,159986.0,248756.0
2020-11-05 06:05:03,439536,6475,168960.0,264101.0
2020-11-06 05:24:55,466679,6842,177681.0,282156.0
2020-11-07 05:24:52,493765,7287,188675.0,297803.0
2020-11-08 05:24:56,521640,7636,200510.0,313494.0
2020-11-09 05:25:45,546425,7872,209363.0,329190.0
2020-11-10 05:40:07,568138,8045,219371.0,340722.0
2020-11-11 05:25:30,593592,8375,230661.0,354556.0
2020-11-12 05:25:55,618813,8805,242875.0,367133.0
2020-11-13 05:25:30,641496,9080,254349.0,378067.0
2020-11-14 05:25:37,665547,9499,267580.0,388468.0
2020-11-15 05:26:53,691118,10045,282215.0,398858.0
2020-11-16 05:25:57,712972,10348,294783.0,407841.0
2020-11-17 05:25:54,733788,10491,306022.0,417275.0
2020-11-18 05:40:31,752940,10848,324282.0,417810.0
2020-11-19 05:25:23,772823,11451,342883.0,418489.0
2020-11-20 05:26:28,796798,12088,361886.0,422824.0
2020-11-21 05:25:51,819262,12714,381800.0,424748.0
2020-11-22 05:25:45,843475,13288,407075.0,423112.0
2020-11-23 05:25:26,861331,13618,423971.0,423742.0
2020-11-24 05:27:31,876333,13774,438868.0,423691.0
2020-11-25 05:27:20,909066,14314,454717.0,440035.0
2020-11-26 05:27:44,924422,14988,469527.0,439907.0
2020-11-27 05:26:53,941112,15568,494869.0,430675.0
2020-11-28 05:25:50,958416,16147,516636.0,425633.0
2020-11-29 05:25:55,973593,16746,538273.0,418574.0
2020-11-30 05:26:13,985075,17029,559429.0,408617.0
2020-12-01 05:26:18,990811,17150,577514.0,396147.0
2020-12-02 05:27:41,999924,17599,597589.0,384736.0
2020-12-03 05:28:22,1013747,18208,622980.0,372559.0
2020-12-04 05:27:27,1028610,18828,646560.0,363222.0
2020-12-05 05:27:36,1041846,19359,666413.0,356074.0
2020-12-06 05:26:18,1054273,19861,687910.0,346502.0
2020-12-07 05:26:14,1063449,20089,706720.0,336640.0
2020-12-08 05:27:42,1067870,20181,722446.0,325243.0
2020-12-09 05:28:01,1076180,20592,738845.0,316743.0
2020-12-10 05:26:19,1088346,21160,768241.0,298945.0
2020-12-11 05:26:59,1102096,21630,792119.0,288347.0
2020-12-12 05:26:19,1115201,22174,815356.0,277671.0
2020-12-13 05:27:20,1126700,22676,840541.0,263483.0
2020-12-14 05:26:27,1135676,22864,858895.0,253917.0
2020-12-15 05:26:38,1140572,22960,869155.0,248457.0
2020-12-16 05:28:04,1147446,23309,879748.0,244389.0
2020-12-17 05:28:12,1159901,23914,892650.0,243337.0
2020-12-18 05:28:18,1171854,24345,903349.0,244160.0
2020-12-19 05:27:52,1182864,24771,915576.0,242517.0
2020-12-20 05:27:32,1194110,25254,927723.0,241133.0
2020-12-21 05:27:58,1202700,25397,938269.0,239034.0
2020-12-22 05:22:33,1207333,25474,946017.0,235842.0
2020-12-23 05:22:03,1214525,25783,954272.0,234470.0
2020-12-24 05:23:04,1226883,26255,965178.0,235450.0
2020-12-25 05:22:48,1239998,26752,975876.0,237370.0
2020-12-26 05:22:28,1249079,26992,984683.0,237404.0
2020-12-27 05:22:55,1253957,27061,992381.0,234515.0
2020-12-28 05:22:06,1257799,27118,999610.0,231071.0
2020-12-29 05:22:37,1261010,27147,1005376.0,228487.0
2020-12-30 05:22:34,1268634,27454,1014005.0,227175.0
2020-12-31 05:22:49,1281414,28019,1025889.0,227506.0
2021-01-01 05:23:07,1294878,28554,1036138.0,230186.0
2021-01-02 05:22:33,1305774,28956,1046281.0,230537.0
2021-01-03 05:22:52,1312780,29058,1055436.0,228286.0
2021-01-04 05:22:02,1318562,29119,1063093.0,226350.0
2021-01-05 05:21:49,1322947,29161,1069554.0,224232.0
2021-01-06 05:22:16,1330543,29502,1078892.0,222149.0
2021-01-07 05:22:03,1344763,30055,1087744.0,226964.0
2021-01-08 05:22:42,1356882,30241,1095616.0,231025.0
2021-01-09 05:22:18,1365645,30574,1104599.0,230472.0
2021-01-10 05:22:12,1376389,31011,1113738.0,231640.0
2021-01-11 05:21:50,1385522,31189,1123318.0,231015.0
2021-01-12 05:22:15,1390385,31264,1130460.0,228661.0
2021-01-13 05:22:15,1395779,31593,1138126.0,226060.0
2021-01-14 05:22:32,1404905,32074,1147123.0,225708.0
2021-01-15 05:22:24,1414362,32456,1155823.0,226083.0
2021-01-16 05:22:40,1422320,32844,1164650.0,224826.0
2021-01-17 05:22:17,1429612,33213,1173087.0,223312.0
2021-01-18 05:22:34,1435582,33355,1181326.0,220901.0
2021-01-19 05:22:15,1438914,33407,1187719.0,217788.0
2021-01-20 05:21:54,1443804,33698,1197034.0,213072.0
2021-01-21 05:22:01,1450747,34141,1207359.0,209247.0
2021-01-22 05:22:10,1457755,34561,1215732.0,207462.0
2021-01-23 05:22:03,1464448,34908,1215732.0,213808.0
2021-01-24 05:22:35,1470879,35253,1222782.0,212844.0
2021-01-25 05:22:16,1475445,35363,1230446.0,209636.0
2021-01-26 05:22:02,1478119,35401,1237736.0,204982.0
2021-01-27 05:23:41,1482722,35665,1243575.0,203482.0
2021-01-28 05:22:24,1489512,36054,1246267.0,207191.0
2021-01-29 05:22:23,1496665,36443,1250892.0,209330.0
2021-01-30 05:22:49,1502810,36780,1257352.0,208678.0
2021-01-31 05:22:42,1508674,37082,1264574.0,207018.0
2021-02-01 05:22:53,1513385,37180,1270467.0,205738.0
2021-02-02 05:22:49,1515889,37222,1276636.0,202031.0
2021-02-03 05:22:52,1520215,37476,1281396.0,201343.0
2021-02-04 05:22:26,1527016,37897,1283698.0,205421.0
2021-02-05 05:22:38,1533511,38344,1288163.0,207004.0
2021-02-06 05:23:55,1539564,38712,1294687.0,206165.0
2021-02-07 05:23:00,1545530,38994,1301571.0,204965.0
2021-02-08 05:22:39,1550255,39087,1307161.0,204007.0
2021-02-09 05:23:30,1552686,39132,1312856.0,200698.0
2021-02-10 05:22:41,1556685,39360,1317474.0,199851.0
2021-02-11 05:23:55,1563645,39721,1319635.0,204289.0
2021-02-12 05:23:29,1570658,40177,1324101.0,206380.0
2021-02-13 05:22:12,1577036,40424,1330127.0,206485.0
2021-02-14 05:23:43,1583621,40709,1336467.0,206445.0
2021-02-15 05:24:49,1588955,40807,1342031.0,206117.0
2021-02-16 05:24:38,1591497,40832,1347670.0,202995.0
2021-02-17 05:23:10,1596673,41028,1352443.0,203202.0
2021-02-18 05:22:58,1605372,41308,1354598.0,209466.0
2021-02-19 05:24:16,1614446,41582,1358666.0,214198.0
2021-02-20 05:22:51,1623218,41823,1365216.0,216179.0
2021-02-21 05:24:33,1631727,42077,1372326.0,217324.0
2021-02-22 05:24:21,1638767,42171,1378414.0,218182.0
2021-02-23 05:23:41,1642658,42188,1384373.0,216097.0
2021-02-24 05:29:16,1648962,42436,1389516.0,217010.0
2021-02-25 05:24:57,1661109,42808,1391981.0,226320.0
2021-02-26 05:22:40,1673252,43094,1397342.0,232816.0
2021-02-27 05:22:28,1684788,43353,1405552.0,235883.0
2021-02-28 05:22:20,1696885,43656,1414461.0,238768.0
2021-03-01 05:23:01,1706986,43769,1422829.0,240388.0
2021-03-02 05:23:30,1711772,43793,1430861.0,237118.0
2021-03-03 05:23:28,1719708,44008,1438032.0,237668.0
2021-03-04 05:24:24,1735406,44360,1441479.0,249567.0
2021-03-05 05:26:29,1750659,44649,1448619.0,257391.0
2021-03-06 04:23:41,1766490,44912,1459564.0,262014.0
2021-03-07 05:21:54,1781345,45159,1471608.0,264578.0
2021-03-08 05:24:48,1794914,45285,1482568.0,267061.0
2021-03-09 05:28:19,1801083,45317,1494083.0,261683.0
2021-03-10 05:24:35,1811036,45599,1503353.0,262084.0
2021-03-11 05:25:48,1828313,45997,1507905.0,274411.0
2021-03-12 05:26:50,1849424,46373,1516540.0,286511.0
2021-03-13 05:25:15,1868297,46724,1530484.0,291089.0
2021-03-14 05:25:37,1889360,47068,1546151.0,296141.0
2021-03-15 05:25:51,1906632,47178,1560227.0,299227.0
2021-03-16 05:25:13,1917527,47206,1574455.0,295866.0
2021-03-17 05:25:07,1931921,47578,1587164.0,297179.0
2021-03-18 05:26:22,1956974,48032,1593165.0,315777.0
2021-03-19 05:26:09,1984248,48388,1603832.0,332028.0
2021-03-20 05:25:46,2010244,48807,1620272.0,341165.0
2021-03-21 05:25:44,2036700,49159,1640050.0,347491.0
2021-03-22 05:25:43,2058550,49300,1656827.0,352423.0
2021-03-23 05:26:18,2073129,49365,1676008.0,347756.0
2021-03-24 05:25:40,2089869,49761,1693875.0,346233.0
2021-03-25 05:27:00,2120671,50340,1707846.0,362485.0
2021-03-26 05:26:55,2154821,50860,1722856.0,381105.0
2021-03-27 05:25:04,2189966,51305,1747223.0,391438.0
2021-03-28 05:28:10,2221725,51753,1775068.0,394904.0
2021-03-29 04:28:35,2250991,51884,1798922.0,400185.0
2021-03-30 04:26:23,2267964,51932,1824431.0,391601.0
2021-03-31 04:26:25,2288826,52392,1848199.0,388235.0
2021-04-01 04:27:05,2321717,53045,1861925.0,406747.0
2021-04-02 04:20:36,2356970,53665,1882179.0,421126.0
2021-04-03 04:20:44,2387511,54165,1911249.0,422097.0
2021-04-04 04:20:49,2415584,54737,1945994.0,414853.0
2021-04-05 04:20:35,2438542,54941,1978433.0,405168.0
2021-04-06 04:20:32,2448463,55005,2009308.0,384150.0
2021-04-07 04:20:53,2456709,55065,2036577.0,365067.0
2021-04-08 04:21:13,2471617,55703,2054697.0,361217.0
2021-04-09 04:21:13,2499507,56659,2076504.0,366344.0
2021-04-10 04:20:59,2528006,57427,2107776.0,362803.0
2021-04-11 04:20:56,2552898,58176,2143065.0,351657.0
2021-04-12 04:21:00,2574631,58421,2171301.0,344909.0
2021-04-13 04:20:37,2586647,58481,2197782.0,330384.0
2021-04-14 04:20:41,2599850,59126,2219655.0,321069.0
2021-04-15 04:20:54,2621116,59930,2229801.0,331385.0
2021-04-16 04:20:46,2642242,60612,2238638.0,342992.0
2021-04-17 04:20:40,2660088,61208,2255232.0,343648.0
2021-04-18 04:20:41,2675874,61825,2285221.0,328828.0
2021-04-19 04:20:57,2688025,62032,2311145.0,314848.0
2021-04-20 04:20:41,2695327,62133,2334978.0,298216.0
2021-04-21 04:21:14,2704571,62734,2354652.0,287185.0
2021-04-22 04:20:53,2718493,63473,2366230.0,288790.0
2021-04-23 04:20:52,2731256,64168,2380787.0,286301.0
2021-04-24 04:20:38,2742122,64707,2401457.0,275958.0
2021-04-25 04:20:32,2751632,65222,2422659.0,263751.0
2021-04-26 04:21:04,2758856,65415,2439412.0,254029.0
2021-04-27 04:20:52,2762323,65437,2455005.0,241881.0
2021-04-28 04:20:32,2768034,65897,2467036.0,235101.0
2021-04-29 04:20:55,2776927,66533,2473974.0,236420.0
2021-04-30 04:21:03,2785353,67073,2483780.0,234500.0
2021-05-01 04:20:47,2792142,67502,2496810.0,227830.0
2021-05-02 04:20:48,2798617,67924,2510858.0,219835.0
2021-05-03 04:20:39,2803233,68068,2520968.0,214197.0
2021-05-04 04:20:34,2805756,68105,2529844.0,207807.0
2021-05-05 04:20:43,2808052,68133,2536931.0,202988.0
2021-05-06 04:20:38,2811951,68482,2540684.0,202785.0
2021-05-07 04:20:40,2818378,68993,2546751.0,202634.0
2021-05-08 04:21:04,2824425,69445,2555059.0,199921.0
2021-05-09 04:20:35,2829196,69866,2563079.0,196251.0
2021-05-10 04:20:38,2833052,70012,2569501.0,193539.0
2021-05-11 04:20:41,2835083,70034,2576034.0,189015.0
2021-05-12 04:21:29,2838180,70336,2580245.0,187599.0
2021-05-13 04:20:51,2842339,70679,2582519.0,189141.0
2021-05-14 04:20:41,2845762,71021,2584751.0,189990.0
2021-05-15 04:20:58,2849014,71311,2589277.0,188426.0
2021-05-16 04:20:49,2851911,71609,2595635.0,184667.0
2021-05-17 04:20:34,2854079,71664,2600974.0,181441.0
2021-05-18 04:20:33,2855190,71675,2605703.0,177812.0
2021-05-19 04:20:42,2856924,71920,2609216.0,175788.0
2021-05-20 04:21:05,2859261,72250,2610932.0,176079.0
2021-05-21 04:20:43,2861351,72500,2614020.0,174831.0
2021-05-22 04:20:45,2863031,72691,2618031.0,172309.0
2021-05-23 04:20:51,2864546,72882,2621686.0,169978.0
2021-05-24 04:20:53,2865622,72928,2624724.0,167970.0
2021-05-25 04:21:08,2866181,72945,2627679.0,165557.0
2021-05-26 04:20:35,2867187,73096,2629626.0,164465.0
2021-05-27 04:20:59,2868450,73305,2630581.0,164564.0
2021-05-28 04:20:36,2869652,73440,2632483.0,163729.0
2021-05-29 04:20:41,2870595,73557,2634711.0,162327.0
2021-05-30 04:20:55,2871371,73682,2636675.0,161014.0
2021-05-31 03:08:59,2871950,73738,2638222.0,159990.0
2021-06-01 04:23:09,2872283,73745,2639689.0,158849.0
2021-06-02 04:24:34,2872868,73856,2640672.0,158340.0
2021-06-03 04:23:32,2873527,73984,2641139.0,158404.0
2021-06-04 04:23:37,2874092,74075,2642127.0,157890.0
2021-06-05 04:23:03,2874411,74101,2643313.0,156997.0
2021-06-06 04:24:03,2874824,74139,2644273.0,156412.0
2021-06-07 04:22:51,2875136,74152,2645150.0,155834.0
2021-06-08 04:22:35,2875328,74160,2645877.0,155291.0
2021-06-09 04:23:31,2875729,74255,2646340.0,155134.0
2021-06-10 04:23:17,2876289,74363,2646647.0,155279.0
2021-06-11 04:23:20,2876667,74447,2647095.0,155125.0
2021-06-12 04:22:22,2877007,74515,2647688.0,154804.0
2021-06-13 04:22:44,2877243,74562,2648207.0,154474.0
2021-06-14 04:22:46,2877469,74573,2648504.0,154392.0
2021-06-15 04:22:22,2877608,74574,2648859.0,154175.0
2021-06-16 04:22:32,2877819,74626,2649080.0,154113.0
2021-06-17 04:22:36,2878061,74688,2649184.0,154189.0
2021-06-18 04:22:16,2878276,74734,2649535.0,154007.0
2021-06-19 04:22:33,2878466,74782,2649879.0,153805.0
2021-06-20 04:21:48,2878634,74823,2650194.0,153617.0
2021-06-21 04:21:41,2878767,74828,2650476.0,153463.0
2021-06-22 04:21:34,2878840,74829,2650648.0,153363.0
2021-06-23 04:21:46,2879030,74858,2650773.0,153399.0
2021-06-24 04:21:55,2879192,74893,2650839.0,153460.0
2021-06-25 04:21:33,2879336,74917,2651045.0,153374.0
2021-06-26 04:21:43,2879470,74953,2651209.0,153308.0
2021-06-27 04:21:39,2879569,74974,2651360.0,153235.0
2021-06-28 04:21:29,2879638,74979,2651522.0,153137.0
2021-06-29 04:21:28,2879689,74979,2651681.0,153029.0
2021-06-30 04:21:41,2879811,75005,2651759.0,153047.0
2021-07-01 04:21:19,2879912,75021,2651787.0,153104.0
2021-07-02 04:21:47,2880010,75044,2651906.0,153060.0
2021-07-03 04:21:37,2880107,75065,2652004.0,153038.0
2021-07-04 04:21:38,2880215,75083,2652072.0,153060.0
2021-07-05 04:21:28,2880270,75084,2652165.0,153021.0
2021-07-06 04:21:32,2880308,75085,2652228.0,152995.0
2021-07-07 04:21:20,2880403,75095,2652265.0,153043.0
2021-07-08 04:21:26,2880503,75114,2652293.0,153096.0
2021-07-09 04:21:21,2880596,75135,2652372.0,153089.0
2021-07-10 04:21:25,2880670,75152,2652409.0,153109.0
2021-07-11 04:21:43,2880755,75159,2652458.0,153138.0
2021-07-12 04:21:34,2880821,75160,2652505.0,153156.0
2021-07-13 04:21:18,2880865,75160,2652577.0,153128.0
2021-07-14 04:21:35,2880959,75173,2652604.0,153182.0
2021-07-15 04:21:48,2881046,75179,2652581.0,153286.0
2021-07-16 04:21:22,2881151,75191,2652655.0,153305.0
2021-07-17 04:22:22,2881241,75205,2652743.0,153293.0
2021-07-18 04:22:07,2881355,75212,2652951.0,153192.0
2021-07-19 04:21:24,2881424,75215,2652984.0,153225.0
2021-07-20 04:21:48,2881491,75215,2653034.0,153242.0
2021-07-21 04:21:40,2881594,75219,2652994.0,153381.0
2021-07-22 04:21:19,2881718,75222,2653025.0,153471.0
2021-07-23 04:21:29,2881840,75231,2653088.0,153521.0
2021-07-24 00:21:36,2881948,75235,2653172.0,153541.0
2021-07-25 04:22:12,2882066,75241,2653221.0,153604.0
2021-07-26 04:21:28,2882146,75242,2653279.0,153625.0
2021-07-27 04:21:18,2882220,75242,2653359.0,153619.0
2021-07-28 04:21:39,2882327,75249,2653407.0,153671.0
2021-07-29 04:21:33,2882465,75252,2653446.0,153767.0
2021-07-30 04:21:34,2882630,75257,2653529.0,153844.0
2021-07-31 04:21:35,2882786,75259,2653608.0,153919.0
2021-08-01 04:21:50,2882939,75261,2653700.0,153978.0
2021-08-02 04:21:36,2883029,75261,2653807.0,153961.0
2021-08-03 04:21:39,2883120,75261,2653900.0,153959.0
2021-08-04 04:21:25,2883284,75265,2653934.0,154085.0
2021-08-05 04:21:51,2883448,75269,2653981.0,154198.0